Key,Name,Disaster,Start,End,Cost,Deaths,Count
1,Southern Severe Storms and Flooding (April 1980),Flooding,1980-04-10,1980-04-17,"$2,742.30 ",7,1
2,Central/Eastern Drought/Heat Wave (Summer-Fall 1980),Drought,1980-06-01,1980-11-30,"$40,480.80 ",1260,1
3,Hurricane Allen (August 1980),Tropical Cyclone,1980-08-07,1980-08-11,"$2,224.40 ",13,1
4,Florida Freeze (January 1981),Freeze,1981-01-12,1981-01-14,"$2,064.90 ",0,1
5,"Severe Storms, Flash Floods, Hail, Tornadoes (May 1981)",Severe Storm,1981-05-05,1981-05-10,"$1,405.20 ",20,1
6,"Midwest/Southeast/Northeast Winter Storm, Cold Wave (January 1982)",Winter Storm,1982-01-08,1982-01-16,"$2,204.60 ",85,1
7,Midwest/Plains/Southeast Tornadoes (April 1982),Severe Storm,1982-04-02,1982-04-04,"$1,599.50 ",33,1
8,Severe Storms (June 1982),Severe Storm,1982-05-31,1982-06-10,"$1,574.20 ",30,1
9,Gulf States Storms and Flooding (December 1982-January 1983),Flooding,1982-12-01,1983-01-15,"$4,915.40 ",45,1
10,Western Storms and Flooding (December 1982-March 1983),Flooding,1982-12-13,1983-03-31,"$4,798.70 ",50,1
11,Southeast Drought (Summer 1983),Drought,1983-06-01,1983-08-31,"$9,514.60 ",0,1
12,Hurricane Alicia (August 1983),Tropical Cyclone,1983-08-17,1983-08-20,"$9,390.00 ",21,1
13,Arizona Flooding (October 1983),Flooding,1983-09-29,1983-10-03,"$1,248.00 ",14,1
14,Freeze/Cold Wave (December 1983),Freeze,1983-12-15,1983-12-25,"$6,438.30 ",151,1
15,"Tornadoes, Severe Storms, Floods (Spring 1984)",Severe Storm,1984-03-27,1984-04-07,"$1,845.30 ",80,1
16,Severe Storms and Hail (June 1984),Severe Storm,1984-06-13,1984-06-17,"$1,352.00 ",1,1
17,"Winter Storm, Cold Wave (January 1985)",Winter Storm,1985-01-19,1985-01-22,"$2,493.70 ",150,1
18,Florida Freeze (January 1985),Freeze,1985-01-20,1985-01-22,"$3,576.00 ",0,1
19,Ohio and Pennsylvania Tornado Outbreak (June 1985),Severe Storm,1985-05-31,1985-05-31,"$1,752.00 ",89,1
20,Hurricane Elena (September 1985),Tropical Cyclone,1985-08-30,1985-09-03,"$3,775.40 ",4,1
21,Hurricane Gloria (September 1985),Tropical Cyclone,1985-09-26,1985-09-28,"$2,482.90 ",11,1
22,Hurricane Juan (October 1985),Tropical Cyclone,1985-10-27,1985-10-31,"$4,325.50 ",63,1
23,"Virginia, West Virginia, Pennsylvania and Maryland Flooding (November 1985)",Flooding,1985-11-03,1985-11-08,"$4,032.00 ",62,1
24,Western Severe Storms and Flooding (February 1986),Severe Storm,1986-02-14,1986-02-16,"$1,520.60 ",13,1
25,Southeast Drought/Heat Wave (Summer 1986),Drought,1986-06-01,1986-08-31,"$5,176.40 ",100,1
26,Michigan Flooding (September 1986),Flooding,1986-09-10,1986-09-12,"$1,140.00 ",10,1
27,U.S. Drought/Heat Wave (Summer 1988),Drought,1988-06-01,1988-08-31,"$54,210.60 ",454,1
28,Southern Derecho and Severe Storms (May 1989),Severe Storm,1989-05-01,1989-05-06,"$1,401.00 ",21,1
29,Northern Plains Drought (Summer-Fall 1989),Drought,1989-06-01,1989-11-30,"$7,778.20 ",0,1
30,Tropical Storm Allison (June 1989),Tropical Cyclone,1989-06-26,1989-06-28,"$1,480.10 ",11,1
31,Hurricane Hugo (September 1989),Tropical Cyclone,1989-09-21,1989-09-22,"$22,589.70 ",86,1
32,"Winter Storm, Cold Wave (December 1989)",Winter Storm,1989-12-21,1989-12-26,"$1,693.80 ",100,1
33,Florida Freeze (December 1989),Freeze,1989-12-23,1989-12-25,"$5,180.00 ",10,1
34,Southern Flooding (May 1990),Flooding,1990-05-11,1990-05-19,"$2,446.70 ",13,1
35,Western Fire Season (Summer 1990),Wildfire,1990-06-01,1990-08-31,"$1,709.00 ",17,1
36,Colorado Hail Storm (July 1990),Severe Storm,1990-07-11,1990-07-11,"$1,976.30 ",0,1
37,California Freeze (December 1990),Freeze,1990-12-18,1990-12-25,"$8,398.00 ",0,1
38,U.S. Drought (Spring-Summer 1991),Drought,1991-03-01,1991-08-31,"$7,009.90 ",0,1
39,"Severe Storms, Tornadoes (March 1991)",Severe Storm,1991-03-26,1991-03-29,"$1,503.10 ",0,1
40,Hurricane Bob (August 1991),Tropical Cyclone,1991-08-18,1991-08-20,"$3,456.70 ",18,1
41,Oakland Firestorm (October 1991),Wildfire,1991-10-01,1991-10-31,"$7,557.00 ",25,1
42,Severe Storms (March 1992),Severe Storm,1992-03-24,1992-03-25,"$1,809.70 ",0,1
43,"Hail, Tornadoes (April 1992)",Severe Storm,1992-04-28,1992-04-29,"$2,147.40 ",0,1
44,"Severe Storms, Hail (June 1992)",Severe Storm,1992-06-19,1992-06-20,"$1,675.50 ",0,1
45,Hurricane Andrew (August 1992),Tropical Cyclone,1992-08-23,1992-08-27,"$60,210.00 ",61,1
46,Hurricane Iniki (September 1992),Tropical Cyclone,1992-09-11,1992-09-12,"$6,882.00 ",7,1
47,Southeast Severe Weather (November 1992),Severe Storm,1992-11-21,1992-11-23,"$1,452.00 ",26,1
48,Northeast Winter Storm (December 1992),Winter Storm,1992-12-10,1992-12-13,"$5,487.40 ",19,1
49,East Coast Blizzard and Severe Weather (March 1993),Winter Storm,1993-03-11,1993-03-14,"$12,104.10 ",270,1
50,Southeast Drought and Heat Wave (Summer 1993),Drought,1993-06-01,1993-08-31,"$2,767.60 ",16,1
51,Midwest Flooding (Summer 1993),Flooding,1993-06-27,1993-08-15,"$46,113.90 ",48,1
52,Northern Plains and Ohio Valley Severe Weather (July 1993),Severe Storm,1993-07-08,1993-07-10,"$1,397.50 ",1,1
53,California Wildfires (Fall 1993),Wildfire,1993-09-01,1993-11-30,"$2,962.40 ",4,1
54,"Winter Storm, Cold Wave (January 1994)",Winter Storm,1994-01-17,1994-01-20,"$2,236.30 ",70,1
55,Southeast Ice Storm (February 1994),Winter Storm,1994-02-08,1994-02-13,"$6,414.50 ",9,1
56,Midwest/Plains Tornadoes (April 1994),Severe Storm,1994-04-25,1994-04-27,"$2,098.30 ",3,1
57,Western Fire Season (Summer-Fall 1994),Wildfire,1994-06-01,1994-11-30,"$1,537.00 ",0,1
58,Tropical Storm Alberto (July 1994),Tropical Cyclone,1994-07-07,1994-07-10,"$2,116.80 ",32,1
59,Texas Flooding (October 1994),Flooding,1994-10-16,1994-10-25,"$2,100.00 ",19,1
60,California Flooding (January-March 1995),Flooding,1995-01-01,1995-03-31,"$5,225.00 ",27,1
61,Texas Hail Storm (April 1995),Severe Storm,1995-04-28,1995-04-28,"$1,190.30 ",0,1
62,South Plains Severe Weather (May 1995),Severe Storm,1995-05-05,1995-05-07,"$11,302.10 ",32,1
63,"Central, Southern and Northeast Drought/Heat Wave (September 1995)",Drought,1995-07-01,1995-09-30,"$2,017.60 ",872,1
64,Hurricane Erin (August 1995),Tropical Cyclone,1995-08-01,1995-08-07,"$1,742.50 ",6,1
65,Hurricane Marilyn (September 1995),Tropical Cyclone,1995-09-15,1995-09-17,"$4,305.00 ",13,1
66,Hurricane Opal (October 1995),Tropical Cyclone,1995-10-04,1995-10-06,"$9,565.50 ",27,1
67,Blizzard/Floods (January 1996),Winter Storm,1996-01-01,1996-01-31,"$6,096.30 ",187,1
68,Pacific Northwest Severe Flooding (February 1996),Flooding,1996-02-07,1996-02-12,"$2,046.90 ",9,1
69,Southern Plains Drought (Spring-Summer 1996),Drought,1996-03-01,1996-08-31,"$3,636.70 ",0,1
70,Hurricane Fran (September 1996),Tropical Cyclone,1996-09-05,1996-09-08,"$9,963.90 ",37,1
71,New England Flooding (October 1996),Flooding,1996-10-19,1996-10-22,"$1,345.30 ",1,1
72,West Coast Flooding (December 1996-January 1997),Flooding,1997-01-01,1997-01-11,"$5,943.50 ",36,1
73,Northern Plains Flooding (Spring 1997),Flooding,1997-02-03,1997-05-24,"$7,242.70 ",11,1
74,Mississippi and Ohio Valley Severe Weather and Flooding (March 1997),Severe Storm,1997-02-28,1997-03-05,"$1,925.80 ",67,1
75,Western/Eastern Severe Weather and Flooding (Winter-Spring 1998),Severe Storm,1997-12-01,1998-02-28,"$1,958.80 ",132,1
76,Northeast Ice Storm (January 1998),Winter Storm,1998-01-05,1998-01-09,"$2,719.40 ",16,1
77,Minnesota Severe Storms/Hail (May 1998),Severe Storm,1998-05-15,1998-05-15,"$3,148.30 ",1,1
78,"Northern Plains and Great Lakes Derecho, Tornadoes (June 1998)",Severe Storm,1998-05-30,1998-06-02,"$2,197.30 ",20,1
79,Southern Drought and Heat Wave (Summer 1998),Drought,1998-06-01,1998-08-31,"$6,844.30 ",200,1
80,Central and Eastern Severe Storms and Flooding (June 1998),Severe Storm,1998-06-20,1998-06-24,"$1,725.80 ",12,1
81,Tropical Storm Frances (September 1998),Tropical Cyclone,1998-08-08,1998-08-13,"$1,344.00 ",2,1
82,Hurricane Bonnie (August 1998),Tropical Cyclone,1998-08-27,1998-08-29,"$1,881.60 ",3,1
83,Hurricane Georges (September 1998),Tropical Cyclone,1998-09-20,1998-09-29,"$11,490.20 ",16,1
84,Texas Flooding (October 1998),Flooding,1998-10-16,1998-10-24,"$1,808.80 ",31,1
85,California Freeze (December 1998),Freeze,1998-12-20,1998-12-28,"$4,850.00 ",0,1
86,Central and Eastern Winter Storm (January 1999),Winter Storm,1999-01-01,1999-01-04,"$1,972.10 ",25,1
87,Central and Eastern Winter Storm (Mid-January 1999),Winter Storm,1999-01-13,1999-01-16,"$1,684.80 ",0,1
88,Oklahoma and Kansas Tornadoes (May 1999),Severe Storm,1999-05-03,1999-05-06,"$3,802.90 ",55,1
89,Eastern Drought/Heat Wave (Summer 1999),Drought,1999-06-01,1999-08-31,"$4,772.80 ",502,1
90,Hurricane Floyd (September 1999),Tropical Cyclone,1999-09-14,1999-09-16,"$12,138.10 ",77,1
91,Southeast Winter Storm (January 2000),Winter Storm,2000-01-21,2000-01-24,"$1,313.20 ",4,1
92,Western Fire Season (Spring-Summer 2000),Wildfire,2000-03-01,2000-08-31,"$1,967.40 ",0,1
93,Western/Central/Southeast Drought/Heat Wave (Spring-Fall 2000),Drought,2000-03-01,2000-11-30,"$9,294.50 ",140,1
94,Southern Severe Weather (March 2000),Severe Storm,2000-03-28,2000-03-29,"$1,262.70 ",0,1
95,South Florida Flooding (October 2000),Flooding,2000-10-03,2000-10-04,"$1,620.00 ",3,1
96,Midwest/Ohio Valley Hail and Tornadoes (April 2001),Severe Storm,2001-04-06,2001-04-11,"$5,508.70 ",3,1
97,North Central Severe Weather (May 2001),Severe Storm,2001-04-30,2001-05-01,"$1,194.30 ",0,1
98,Tropical Storm Allison (June 2001),Tropical Cyclone,2001-06-05,2001-06-17,"$14,998.70 ",43,1
99,U.S. Drought (Spring-Fall 2002),Drought,2002-03-01,2002-11-30,"$15,941.50 ",0,1
100,Severe Storms and Tornadoes (April 2002),Severe Storm,2002-04-27,2002-04-28,"$3,663.90 ",7,1
101,Hurricane Lili (October 2002),Tropical Cyclone,2002-08-01,2002-08-05,"$1,921.90 ",2,1
102,Western Fire Season (Fall 2002),Wildfire,2002-09-01,2002-11-30,"$2,301.80 ",21,1
103,Tropical Storm Isidore (September 2002),Tropical Cyclone,2002-09-25,2002-09-27,"$2,001.00 ",5,1
104,Eastern Tornadoes and Severe Storms (November 2002),Severe Storm,2002-11-09,2002-11-11,"$1,245.60 ",28,1
105,Western/Central Drought/Heat Wave (Spring-Fall 2003),Drought,2003-03-01,2003-11-30,"$8,680.80 ",35,1
106,Severe Storms/Hail (April 2003),Severe Storm,2003-04-04,2003-04-07,"$3,430.80 ",3,1
107,Severe Storms/Tornadoes (May 2003),Severe Storm,2003-05-03,2003-05-10,"$7,059.50 ",51,1
108,Midwest/Plains Severe Weather (July 2003),Severe Storm,2003-07-04,2003-07-09,"$1,467.30 ",7,1
109,Southern Derecho and Eastern Severe Weather (July 2003),Severe Storm,2003-07-21,2003-07-23,"$1,723.90 ",7,1
110,California Wildfires (Fall 2003),Wildfire,2003-09-01,2003-11-30,"$6,613.70 ",22,1
111,Hurricane Isabel (September 2003),Tropical Cyclone,2003-09-18,2003-09-19,"$9,322.90 ",55,1
112,"Severe Storms, Hail, Tornadoes (May 2004)",Severe Storm,2004-05-21,2004-05-27,"$1,682.90 ",4,1
113,Colorado Hail Storms (June 2004),Severe Storm,2004-06-08,2004-06-09,"$1,153.70 ",0,1
114,Hurricane Charley (August 2004),Tropical Cyclone,2004-08-13,2004-08-14,"$26,559.20 ",35,1
115,Hurricane Frances (September 2004),Tropical Cyclone,2004-09-03,2004-09-09,"$16,170.00 ",48,1
116,Hurricane Ivan (September 2004),Tropical Cyclone,2004-09-12,2004-09-21,"$33,825.80 ",57,1
117,Hurricane Jeanne (September 2004),Tropical Cyclone,2004-09-15,2004-09-29,"$12,369.30 ",28,1
118,Midwest Drought (Spring-Summer 2005),Drought,2005-03-01,2005-08-31,"$2,433.60 ",0,1
119,Southeast Severe Weather (March 2005),Severe Storm,2005-03-24,2005-03-27,"$1,401.30 ",0,1
120,Hurricane Dennis (July 2005),Tropical Cyclone,2005-07-09,2005-07-11,"$4,017.00 ",15,1
121,Hurricane Katrina (August 2005),Tropical Cyclone,2005-08-25,2005-08-30,"$200,047.30 ",1833,1
122,Hurricane Rita (September 2005),Tropical Cyclone,2005-09-20,2005-09-24,"$29,230.20 ",119,1
123,Hurricane Wilma (October 2005),Tropical Cyclone,2005-10-24,2005-10-24,"$30,020.00 ",35,1
124,Numerous Wildfires (2006),Wildfire,2006-01-01,2006-12-31,"$2,318.10 ",28,1
125,Midwest/Plains/Southeast Drought (Spring-Summer 2006),Drought,2006-03-01,2006-08-31,"$9,476.80 ",0,1
126,Severe Storms and Tornadoes (March 2006),Severe Storm,2006-03-08,2006-03-13,"$2,100.10 ",10,1
127,"Midwest/Southeast Tornadoes (April 6-8, 2006)",Severe Storm,2006-04-06,2006-04-08,"$2,502.00 ",10,1
128,Midwest Tornadoes (April 2006),Severe Storm,2006-04-13,2006-04-16,"$3,780.60 ",27,1
129,Northeast Flooding (June 2006),Flooding,2006-06-25,2006-06-28,"$2,358.50 ",20,1
130,North Central Severe Weather and Tornadoes (August 2006),Severe Storm,2006-08-23,2006-08-24,"$1,168.90 ",1,1
131,Central Severe Weather (October 2006),Severe Storm,2006-10-02,2006-10-05,"$1,371.30 ",1,1
132,California Freeze (January 2007),Freeze,2007-01-11,2007-01-17,"$2,170.00 ",1,1
133,Spring Freeze (April 2007),Freeze,2007-04-04,2007-04-10,"$3,168.60 ",0,1
134,East/South Severe Weather and Flooding (April 2007),Severe Storm,2007-04-13,2007-04-17,"$3,811.80 ",9,1
135,Western Wildfires (Summer 2007),Wildfire,2007-06-01,2007-08-31,"$4,139.40 ",12,1
136,Western/Eastern Drought/Heat Wave (Summer-Fall 2007),Drought,2007-06-01,2007-11-30,"$5,484.60 ",15,1
137,U.S. Drought (2008),Drought,2008-01-01,2008-12-31,"$10,444.70 ",0,1
138,"Western, Central and Northeast Severe Weather (January 2008)",Severe Storm,2008-01-04,2008-01-09,"$1,463.30 ",12,1
139,Southeast Tornadoes and Severe Weather (February 2008),Severe Storm,2008-02-05,2008-02-06,"$1,793.20 ",57,1
140,Southeast Tornadoes (March 2008),Severe Storm,2008-03-14,2008-03-15,"$1,662.60 ",5,1
141,Midwest Flooding (Summer 2008),Flooding,2008-04-01,2008-06-30,"$14,838.00 ",24,1
142,Southern Severe Weather (April 2008),Severe Storm,2008-04-09,2008-04-11,"$1,517.90 ",2,1
143,Midwest Tornadoes and Severe Weather (May 2008),Severe Storm,2008-05-22,2008-05-27,"$4,392.80 ",13,1
144,Midwest/Mid-Atlantic Severe Weather (June 2008),Severe Storm,2008-06-06,2008-06-12,"$2,355.70 ",18,1
145,Hurricane Dolly (July 2008),Tropical Cyclone,2008-07-23,2008-07-25,"$1,812.20 ",3,1
146,Hurricane Gustav (September 2008),Tropical Cyclone,2008-08-31,2008-09-03,"$8,575.70 ",53,1
147,U.S. Wildfires (Fall 2008),Wildfire,2008-09-01,2008-11-30,"$1,777.00 ",16,1
148,Hurricane Ike (September 2008),Tropical Cyclone,2008-09-12,2008-09-14,"$43,198.40 ",112,1
149,Southwest/Great Plains Drought (2009),Drought,2009-01-01,2009-12-31,"$5,203.20 ",0,1
150,Southeast/Ohio Valley Severe Weather (February 2009),Severe Storm,2009-02-10,2009-02-11,"$2,575.40 ",10,1
151,Midwest/Southeast Tornadoes (March 2009),Severe Storm,2009-03-25,2009-03-28,"$2,427.90 ",0,1
152,South/Southeast Severe Weather and Tornadoes (April 2009),Severe Storm,2009-04-09,2009-04-10,"$2,102.30 ",6,1
153,Central Derecho and Tornadoes (May 2009),Severe Storm,2009-05-07,2009-05-09,"$1,265.80 ",7,1
154,Western Wildfires (Summer-Fall 2009),Wildfire,2009-06-01,2009-11-30,"$1,477.40 ",10,1
155,"Midwest, South and East Severe Weather (June 2009)",Severe Storm,2009-06-09,2009-06-12,"$1,939.00 ",0,1
156,Colorado Hail Storm (July 2009),Severe Storm,2009-07-20,2009-07-20,"$1,460.00 ",0,1
157,Georgia Flooding (September 2009),Flooding,2009-09-19,2009-09-22,"$1,302.80 ",10,1
158,Northeast Winter Storm (February 2010),Winter Storm,2010-02-09,2010-02-11,"$1,184.80 ",3,1
159,Northeast Flooding (March 2010),Flooding,2010-03-01,2010-03-31,"$2,674.00 ",11,1
160,East/South Flooding and Severe Weather (May 2010),Flooding,2010-04-30,2010-05-02,"$3,286.20 ",32,1
161,"Oklahoma, Kansas, and Texas Tornadoes and Severe Weather (May 2010)",Severe Storm,2010-05-10,2010-05-12,"$4,800.70 ",3,1
162,Rockies/Central/East Severe Weather (June 2010),Severe Storm,2010-06-10,2010-06-15,"$1,297.50 ",2,1
163,Midwest/Northeast Severe Storms and Flooding (July 2010),Severe Storm,2010-07-20,2010-07-23,"$1,365.60 ",0,1
164,Arizona Severe Weather (October 2010),Severe Storm,2010-10-05,2010-10-06,"$5,472.00 ",0,1
165,Groundhog Day Blizzard (February 2011),Winter Storm,2011-02-01,2011-02-03,"$2,565.70 ",36,1
166,Southern Plains/Southwest Drought and Heat Wave (Spring-Summer 2011),Drought,2011-03-01,2011-08-31,"$17,109.50 ",95,1
167,Mississippi River flooding (April-May 2011),Flooding,2011-04-01,2011-05-31,"$4,270.10 ",7,1
168,Midwest/Southeast Tornadoes and Derecho (April 2011),Severe Storm,2011-04-04,2011-04-05,"$3,885.30 ",9,1
169,Southeast/Midwest Tornadoes (April 2011),Severe Storm,2011-04-08,2011-04-11,"$3,051.00 ",0,1
170,Midwest/Southeast Tornadoes (April 2011),Severe Storm,2011-04-14,2011-04-16,"$2,882.90 ",38,1
171,Ohio Valley Derecho and Southern Tornadoes (April 2011),Severe Storm,2011-04-19,2011-04-20,"$1,452.80 ",0,1
172,Southeast/Ohio Valley/Midwest Tornadoes (April 2011),Severe Storm,2011-04-25,2011-04-28,"$14,310.70 ",321,1
173,Missouri River flooding (May-June 2011),Flooding,2011-05-01,2011-06-30,"$2,863.30 ",5,1
174,Midwest/Southeast Tornadoes (May 2011),Severe Storm,2011-05-22,2011-05-27,"$12,644.50 ",177,1
175,"Texas, New Mexico, Arizona Wildfires (Summer-Fall 2011)",Wildfire,2011-06-01,2011-11-30,"$2,530.80 ",5,1
176,Midwest/Southeast Tornadoes and Severe Weather (June 2011),Severe Storm,2011-06-18,2011-06-22,"$2,136.60 ",3,1
177,"North Central Severe Weather (July 1, 2011)",Severe Storm,2011-07-01,2011-07-01,"$1,234.40 ",0,1
178,"Rockies and Midwest Derecho (July 10-11, 2011)",Severe Storm,2011-07-10,2011-07-11,"$1,716.60 ",2,1
179,"Midwest/Southeast Severe Weather (August 17-18, 2011)",Severe Storm,2011-08-17,2011-08-18,"$1,600.40 ",0,1
180,Hurricane Irene (August 2011),Tropical Cyclone,2011-08-26,2011-08-28,"$18,756.70 ",45,1
181,Tropical Storm Lee (September 2011),Tropical Cyclone,2011-09-01,2011-09-05,"$3,467.30 ",21,1
182,Northeastern Winter Storm (October 2011),Winter Storm,2011-10-29,2011-10-30,"$1,285.80 ",1,1
183,U.S. Drought/Heat Wave (2012),Drought,2012-01-01,2012-12-31,"$41,705.20 ",123,1
184,Southeast/Ohio Valley Tornadoes (March 2012),Severe Storm,2012-03-02,2012-03-03,"$4,286.40 ",42,1
185,Texas Tornadoes (April 2012),Severe Storm,2012-04-02,2012-04-03,"$1,390.90 ",0,1
186,Midwest Tornadoes (April 2012),Severe Storm,2012-04-13,2012-04-14,"$1,539.40 ",6,1
187,Midwest/Ohio Valley Severe Weather (April-May 2012),Severe Storm,2012-04-28,2012-05-01,"$4,488.60 ",1,1
188,Southern Plains/Midwest/Northeast Severe Weather (May 2012),Severe Storm,2012-05-25,2012-05-30,"$3,156.10 ",1,1
189,Western Wildfires (Summer-Fall 2012),Wildfire,2012-06-01,2012-11-30,"$2,381.70 ",8,1
190,Rockies/Southwest Severe Weather (June 2012),Severe Storm,2012-06-06,2012-06-12,"$3,559.00 ",0,1
191,Plains/East/Northeast Derecho (June-July 2012),Severe Storm,2012-06-29,2012-07-02,"$3,957.00 ",28,1
192,Hurricane Isaac (August 2012),Tropical Cyclone,2012-08-26,2012-08-31,"$3,758.40 ",9,1
193,Hurricane Sandy (October 2012),Tropical Cyclone,2012-10-30,2012-10-31,"$88,453.90 ",159,1
194,Southern Severe Weather (February 2013),Severe Storm,2013-02-24,2013-02-25,"$1,244.80 ",1,1
195,Western/Plains Drought/Heat Wave (Spring-Fall 2013),Drought,2013-03-01,2013-11-30,"$14,179.30 ",53,1
196,Southeast Severe Weather (March 2013),Severe Storm,2013-03-18,2013-03-18,"$2,727.00 ",1,1
197,Midwest/Plains Severe Weather (April 2013),Severe Storm,2013-04-07,2013-04-11,"$1,949.40 ",1,1
198,Illinois Flooding and Severe Weather (April 2013),Flooding,2013-04-16,2013-04-19,"$1,454.10 ",4,1
199,Midwest/Plains/East Tornadoes (May 2013),Severe Storm,2013-05-18,2013-05-22,"$3,240.50 ",27,1
200,Midwest/Plains/Northeast Tornadoes (May 2013),Severe Storm,2013-05-27,2013-05-31,"$2,448.40 ",10,1
201,Midwest Severe Weather (August 2013),Severe Storm,2013-08-06,2013-08-07,"$1,396.20 ",0,1
202,Colorado Flooding (September 2013),Flooding,2013-09-10,2013-09-16,"$2,021.40 ",9,1
203,Ohio Valley Tornadoes (November 2013),Severe Storm,2013-11-17,2013-11-17,"$1,472.20 ",8,1
204,Western Drought (2014),Drought,2014-01-01,2014-12-31,"$5,295.50 ",0,1
205,Midwest/Southeast/Northeast Winter Storm (January 2014),Winter Storm,2014-01-05,2014-01-08,"$2,911.50 ",16,1
206,Plains Severe Weather (April 2014),Severe Storm,2014-04-02,2014-04-03,"$1,893.80 ",0,1
207,Central Severe Weather (April 2014),Severe Storm,2014-04-12,2014-04-13,"$1,211.70 ",0,1
208,Midwest/Southeast/Northeast Tornadoes and Flooding (April 2014),Severe Storm,2014-04-27,2014-05-01,"$2,291.60 ",33,1
209,Center Severe Weather (May 2014),Severe Storm,2014-05-10,2014-05-14,"$1,126.00 ",0,1
210,Rockies/Midwest/Eastern Severe Weather (May 2014),Severe Storm,2014-05-18,2014-05-23,"$4,901.40 ",0,1
211,Rockies/Central Plains Severe Weather (June 2014),Severe Storm,2014-06-03,2014-06-05,"$2,533.40 ",2,1
212,Michigan and Northeast Flooding (August 2014),Flooding,2014-08-11,2014-08-13,"$1,361.90 ",2,1
213,Rockies/Plains Severe Weather (September 2014),Severe Storm,2014-09-29,2014-10-02,"$1,848.60 ",0,1
214,Western Drought (2015),Drought,2015-01-01,2015-12-31,"$5,984.40 ",0,1
215,"Central and Eastern Winter storm, Cold Wave (February 2015)",Winter Storm,2015-02-14,2015-02-20,"$3,969.30 ",30,1
216,Midwest/Ohio Valley Severe Weather (April 2015),Severe Storm,2015-04-07,2015-04-09,"$2,069.00 ",2,1
217,South/Southeast Severe Weather (April 2015),Severe Storm,2015-04-18,2015-04-20,"$1,707.60 ",0,1
218,South and Southeast Severe Weather (April 2015),Severe Storm,2015-04-24,2015-04-25,"$1,255.80 ",3,1
219,Southern Plains Tornadoes (May 2015),Severe Storm,2015-05-06,2015-05-10,"$1,679.20 ",4,1
220,Texas and Oklahoma Flooding and Severe Weather (May 2015),Flooding,2015-05-23,2015-05-26,"$3,350.70 ",31,1
221,Western and Alaskan Wildfires (Summer-Fall 2015),Wildfire,2015-06-01,2015-11-30,"$3,996.90 ",12,1
222,Central and Northeast Severe Weather (June 2015),Severe Storm,2015-06-21,2015-06-25,"$1,547.10 ",1,1
223,South Carolina and East Coast Flooding (October 2015),Flooding,2015-10-01,2015-10-05,"$2,637.70 ",25,1
224,Texas Tornadoes and Midwest Flooding (December 2015),Severe Storm,2015-12-26,2015-12-29,"$2,609.30 ",50,1
225,West/Northeast/Southeast Drought (2016),Drought,2016-01-01,2016-12-31,"$4,580.00 ",0,1
226,Southeast and Eastern Tornadoes (February 2016),Severe Storm,2016-02-22,2016-02-24,"$1,372.80 ",10,1
227,Texas and Louisiana Flooding (March 2016),Flooding,2016-03-08,2016-03-12,"$3,029.10 ",5,1
228,Southern Severe Weather (March 2016),Severe Storm,2016-03-17,2016-03-18,"$1,597.60 ",1,1
229,North Texas Hail Storm (March 2016),Severe Storm,2016-03-23,2016-03-24,"$2,725.50 ",0,1
230,North/Central Texas Hail Storm (April 2016),Severe Storm,2016-04-10,2016-04-12,"$4,583.20 ",0,1
231,Houston Flooding (April 2016),Flooding,2016-04-17,2016-04-18,"$3,559.10 ",8,1
232,South/Southeast Tornadoes (April 2016),Severe Storm,2016-04-26,2016-05-02,"$3,136.70 ",6,1
233,Plains Tornadoes and Central Severe Weather (May 2016),Severe Storm,2016-05-08,2016-05-11,"$2,252.90 ",2,1
234,Rockies/Central Tornadoes and Severe Weather (May 2016),Severe Storm,2016-05-21,2016-05-26,"$1,501.50 ",0,1
235,Western/Southeast Wildfires (Summer-Fall 2016),Wildfire,2016-06-01,2016-12-31,"$3,113.50 ",21,1
236,West Virginia Flooding and Ohio Valley Tornadoes (June 2016),Flooding,2016-06-22,2016-06-24,"$1,288.50 ",23,1
237,Rockies and Northeast Severe Weather (July 2016),Severe Storm,2016-07-28,2016-07-30,"$1,920.00 ",0,1
238,Louisiana Flooding (August 2016),Flooding,2016-08-12,2016-08-15,"$13,300.00 ",13,1
239,Hurricane Matthew (October 2016),Tropical Cyclone,2016-10-08,2016-10-12,"$13,000.00 ",49,1
240,Southern Tornado Outbreak and Western Storms (January 2017),Severe Storm,2017-01-20,2017-01-22,"$1,425.60 ",24,1
241,California Flooding (February 2017),Flooding,2017-02-08,2017-02-22,"$1,935.00 ",5,1
242,Central/Southeast Tornado Outbreak (March 2017),Severe Storm,2017-02-28,2017-03-01,"$2,329.90 ",6,1
243,"North Dakota, South Dakota and Montana Drought (Spring-Fall 2017)",Drought,2017-03-01,2017-12-31,"$3,225.00 ",0,1
244,Midwest Tornado Outbreak (March 2017),Severe Storm,2017-03-06,2017-03-08,"$2,807.20 ",2,1
245,Southeast Freeze (March 2017),Freeze,2017-03-14,2017-03-16,"$1,290.00 ",0,1
246,South/Southeast Severe Weather (March 2017),Severe Storm,2017-03-26,2017-03-28,"$3,476.60 ",0,1
247,Southeast Severe Weather and Tornadoes (April 2017),Severe Storm,2017-04-04,2017-04-06,"$1,249.30 ",1,1
248,South and Southeast Severe Weather (April 2017),Severe Storm,2017-04-20,2017-04-22,"$1,143.00 ",0,1
249,Missouri and Arkansas Flooding and Central Severe Weather (May 2017),Flooding,2017-04-25,2017-05-07,"$2,140.30 ",20,1
250,Colorado Hail Storm and Central Severe Weather (May 2017),Severe Storm,2017-05-08,2017-05-11,"$4,288.00 ",0,1
251,North Central Severe Weather and Tornadoes (May 2017),Severe Storm,2017-05-15,2017-05-18,"$1,204.50 ",1,1
252,"Western Wildfires, California Firestorm (Summer-Fall 2017)",Wildfire,2017-06-01,2017-12-31,"$23,046.40 ",54,1
253,Minnesota Hail Storm and Upper Midwest Severe Weather (June 2017),Severe Storm,2017-06-09,2017-06-11,"$3,008.00 ",0,1
254,Midwest Severe Weather (June 2017),Severe Storm,2017-06-12,2017-06-16,"$1,931.50 ",0,1
255,Midwest Severe Weather (June 2017),Severe Storm,2017-06-27,2017-06-29,"$1,824.00 ",0,1
256,Hurricane Harvey (August 2017),Tropical Cyclone,2017-08-25,2017-08-31,"$158,750.00 ",89,1
257,Hurricane Irma (September 2017),Tropical Cyclone,2017-09-06,2017-09-12,"$63,500.00 ",97,1
258,Hurricane Maria (September 2017),Tropical Cyclone,2017-09-19,2017-09-21,"$114,300.00 ",2981,1
259,Central and Eastern Winter Storm (January 2018),Winter Storm,2018-01-03,2018-01-05,"$1,324.60 ",22,1
260,Northeast Winter Storm (March 2018),Winter Storm,2018-03-01,2018-03-03,"$2,764.50 ",9,1
261,Southeastern Tornadoes and Severe Weather (March 2018),Severe Storm,2018-03-18,2018-03-21,"$1,829.50 ",0,1
262,Southern and Eastern Tornadoes and Severe Weather (April 2018),Severe Storm,2018-04-13,2018-04-16,"$1,647.80 ",3,1
263,Central and Northeast Severe Weather (May 2018),Severe Storm,2018-05-01,2018-05-04,"$1,737.90 ",0,1
264,Central and Eastern Severe Weather (May 2018),Severe Storm,2018-05-13,2018-05-15,"$1,712.90 ",5,1
265,Southwest/Southern Plains Drought (Summer-Fall 2018),Drought,2018-06-01,2018-12-30,"$3,797.40 ",0,1
266,"Western Wildfires, California Firestorm (Summer-Fall 2018)",Wildfire,2018-06-01,2018-12-31,"$30,000.00 ",106,1
267,Texas Hail Storm (June 2018),Severe Storm,2018-06-06,2018-06-06,"$1,625.00 ",0,1
268,Colorado Hail Storm (June 2018),Severe Storm,2018-06-13,2018-06-13,"$1,193.80 ",0,1
269,Colorado Hail Storm (June 2018),Severe Storm,2018-06-18,2018-06-19,"$2,778.80 ",0,1
270,Central and Eastern Tornadoes and Severe Weather (July 2018),Severe Storm,2018-07-19,2018-07-22,"$1,981.60 ",0,1
271,Mountain West Severe Weather (July 2018),Severe Storm,2018-07-26,2018-07-29,"$1,063.80 ",0,1
272,Rockies and Plains Hail Storms (August 2018),Severe Storm,2018-08-06,2018-08-07,"$1,281.40 ",0,1
273,Hurricane Florence (September 2018),Tropical Cyclone,2018-09-13,2018-09-16,"$29,760.00 ",53,1
274,Hurricane Michael (October 2018),Tropical Cyclone,2018-10-10,2018-10-11,"$30,969.00 ",49,1
275,"Southeast, Ohio Valley and Northeast Severe Weather (February 2019)",Severe Storm,2019-02-23,2019-02-25,"$1,534.30 ",2,1
276,Missouri River and North Central Flooding (March 2019),Flooding,2019-03-14,2019-03-31,"$13,408.90 ",3,1
277,"Mississippi River, Midwest and Southern Flooding (July 2019)",Flooding,2019-03-15,2019-07-31,"$7,649.60 ",4,1
278,Texas Hail Storm (March 2019),Severe Storm,2019-03-22,2019-03-24,"$1,903.40 ",0,1
279,Southern and Eastern Tornadoes and Severe Weather (April 2019),Severe Storm,2019-04-13,2019-04-14,"$1,540.00 ",7,1
280,South and Southeast Severe Weather (May 2019),Severe Storm,2019-05-07,2019-05-13,"$1,862.40 ",0,1
281,Central Severe Weather (May 2019),Severe Storm,2019-05-16,2019-05-18,"$1,196.90 ",0,1
282,Arkansas River Flooding (June 2019),Flooding,2019-05-20,2019-06-14,"$3,720.80 ",5,1
283,"Rockies, Central and Northeast Tornadoes and Severe Weather (May 2019)",Severe Storm,2019-05-26,2019-05-29,"$5,655.60 ",3,1
284,California and Alaska Wildfires (Summer-Fall 2019),Wildfire,2019-06-01,2019-11-30,"$5,535.00 ",3,1
285,Colorado Hail Storms (July 2019),Severe Storm,2019-07-04,2019-07-05,"$1,229.80 ",0,1
286,Hurricane Dorian (September 2019),Tropical Cyclone,2019-08-28,2019-09-06,"$1,964.20 ",10,1
287,Tropical Storm Imelda (September 2019),Tropical Cyclone,2019-09-17,2019-09-21,"$6,100.00 ",5,1
288,Texas Tornadoes and Central Severe Weather (October 2019),Severe Storm,2019-10-20,2019-10-20,"$2,095.90 ",2,1
289,Southeast Tornadoes and Northern Storms and Flooding (January 2020),Severe Storm,2020-01-10,2020-01-12,"$1,401.80 ",10,1
290,"South, East and Northeast Severe Weather (February 2020)",Severe Storm,2020-02-05,2020-02-07,"$1,520.10 ",3,1
291,Tennessee Tornadoes and Southeast Severe Weather (March 2020),Severe Storm,2020-03-02,2020-03-04,"$2,850.00 ",25,1
292,Midwest and Ohio Valley Severe Weather (March 2020),Severe Storm,2020-03-27,2020-03-28,"$3,120.90 ",0,1
293,North Central and Ohio Valley Hail Storms and Severe Weather (April 2020),Severe Storm,2020-04-07,2020-04-08,"$3,514.80 ",0,1
294,Southeast and Eastern Tornado Outbreak (April 2020),Severe Storm,2020-04-12,2020-04-13,"$4,201.90 ",35,1
295,Southern Severe Weather (April 2020),Severe Storm,2020-04-21,2020-04-23,"$1,647.00 ",3,1
296,"Central, Southern and Eastern Severe Weather (April 2020)",Severe Storm,2020-04-27,2020-04-30,"$1,252.90 ",1,1
297,Central and Eastern Severe Weather (May 2020),Severe Storm,2020-05-03,2020-05-05,"$2,577.90 ",2,1
298,"South, Central and Eastern Severe Weather (May 2020)",Severe Storm,2020-05-20,2020-05-23,"$1,932.60 ",2,1
299,South Texas Hail Storms (May 2020),Severe Storm,2020-05-27,2020-05-27,"$1,708.00 ",0,1
300,Western/Central Drought and Heat Wave (Summer-Fall 2020),Drought,2020-06-01,2020-12-30,"$5,439.10 ",45,1
301,Central Severe Weather (July 2020),Severe Storm,2020-07-10,2020-07-11,"$1,447.40 ",0,1
302,Hurricane Hanna (July 2020),Tropical Cyclone,2020-07-25,2020-07-26,"$1,300.80 ",0,1
303,"Western Wildfires - California, Oregon, Washington Firestorms (Fall 2020)",Wildfire,2020-08-01,2020-12-30,"$19,904.50 ",46,1
304,Hurricane Isaias (August 2020),Tropical Cyclone,2020-08-03,2020-08-04,"$5,756.10 ",16,1
305,Central Severe Weather - Derecho (August 2020),Severe Storm,2020-08-10,2020-08-10,"$13,342.70 ",4,1
306,Hurricane Laura (August 2020),Tropical Cyclone,2020-08-27,2020-08-28,"$28,090.30 ",42,1
307,Hurricane Sally (September 2020),Tropical Cyclone,2020-09-15,2020-09-17,"$8,801.50 ",5,1
308,Hurricane Delta (October 2020),Tropical Cyclone,2020-10-09,2020-10-11,"$3,469.30 ",5,1
309,Hurricane Zeta (October 2020),Tropical Cyclone,2020-10-28,2020-10-29,"$5,266.00 ",6,1
310,Tropical Storm Eta (November 2020),Tropical Cyclone,2020-11-08,2020-11-12,"$1,766.70 ",12,1
311,Western Drought and Heat Wave (2021),Drought,2021-01-01,2021-12-31,"$10,117.20 ",229,1
312,California Flooding and Severe Weather (January 2021),Flooding,2021-01-24,2021-01-29,"$1,314.00 ",2,1
313,"Northwest, Central, Eastern Winter Storm and Cold Wave (February 2021)",Winter Storm,2021-02-10,2021-02-19,"$26,996.70 ",262,1
314,Southeast Tornadoes and Severe Weather (March 2021),Severe Storm,2021-03-24,2021-03-25,"$1,995.80 ",6,1
315,Eastern Severe Weather (March 2021),Severe Storm,2021-03-27,2021-03-28,"$1,601.90 ",8,1
316,Texas Hail Storms (April 2021),Severe Storm,2021-04-12,2021-04-15,"$1,755.30 ",0,1
317,Texas and Oklahoma Severe Weather (April 2021),Severe Storm,2021-04-27,2021-04-28,"$3,747.40 ",0,1
318,Southern Tornadoes and Southeast Severe Weather (May 2021),Severe Storm,2021-05-02,2021-05-04,"$1,479.10 ",4,1
319,Louisiana Flooding (May 2021),Flooding,2021-05-17,2021-05-18,"$1,569.60 ",5,1
320,Western Wildfires (2021),Wildfire,2021-06-01,2021-12-31,"$12,064.00 ",8,1
321,Ohio Valley Hail Storms (June 2021),Severe Storm,2021-06-17,2021-06-18,"$1,980.10 ",0,1
322,Central Severe Storms (June 2021),Severe Storm,2021-06-24,2021-06-26,"$1,453.60 ",0,1
323,Tropical Storm Elsa (July 2021),Tropical Cyclone,2021-07-07,2021-07-09,"$1,395.30 ",1,1
324,Central Severe Storms (July 2021),Severe Storm,2021-07-08,2021-07-11,"$1,242.20 ",0,1
325,North Central Severe Weather (August 2021),Severe Storm,2021-08-10,2021-08-13,"$1,476.90 ",2,1
326,Tropical Storm Fred (August 2021),Tropical Cyclone,2021-08-16,2021-08-18,"$1,468.90 ",7,1
327,Hurricane Ida (August 2021),Tropical Cyclone,2021-08-29,2021-09-01,"$84,608.10 ",96,1
328,Hurricane Nicholas (September 2021),Tropical Cyclone,2021-09-14,2021-09-18,"$1,168.50 ",0,1
329,"Southeast, Central Tornado Outbreak (December 2021)",Severe Storm,2021-12-10,2021-12-10,"$4,424.10 ",93,1
330,Midwest Derecho and Tornado Outbreak (December 2021),Severe Storm,2021-12-15,2021-12-15,"$2,013.80 ",1,1
331,Western/Central Drought and Heat Wave (2022),Drought,2022-01-01,2022-12-31,"$23,480.60 ",136,1
332,Texas Hail Storms (February 2022),Severe Storm,2022-02-21,2022-02-22,"$1,118.90 ",0,1
333,Southern Tornado Outbreak (March 2022),Severe Storm,2022-03-30,2022-03-30,"$1,369.40 ",2,1
334,Western Wildfires (Spring-Fall 2022),Wildfire,2022-04-01,2022-11-30,"$3,296.60 ",17,1
335,Southeast Tornado Outbreak (April 2022),Severe Storm,2022-04-04,2022-04-06,"$1,544.80 ",3,1
336,Southern Severe Weather (April 2022),Severe Storm,2022-04-11,2022-04-13,"$2,915.70 ",1,1
337,Southern and Central Severe Weather (May 2022),Severe Storm,2022-05-01,2022-05-03,"$1,218.90 ",1,1
338,North Central Hail Storms (May 2022),Severe Storm,2022-05-09,2022-05-09,"$2,354.40 ",0,1
339,North Central Severe Weather (May 2022),Severe Storm,2022-05-11,2022-05-12,"$2,949.60 ",1,1
340,North Central Hail Storms (May 2022),Severe Storm,2022-05-19,2022-05-19,"$2,601.40 ",0,1
341,Central Severe Weather (June 2022),Severe Storm,2022-06-07,2022-06-08,"$2,025.70 ",0,1
342,Central Derecho (June 2022),Severe Storm,2022-06-13,2022-06-13,"$3,386.60 ",1,1
343,North Central and Eastern Severe Weather (July 2022),Severe Storm,2022-07-22,2022-07-24,"$1,420.40 ",1,1
344,Kentucky and Missouri Flooding (July 2022),Flooding,2022-07-26,2022-07-28,"$1,552.90 ",42,1
345,Hurricane Fiona (September 2022),Tropical Cyclone,2022-09-17,2022-09-18,"$2,660.60 ",25,1
346,Hurricane Ian (September 2022),Tropical Cyclone,2022-09-28,2022-09-30,"$118,508.00 ",152,1
347,Hurricane Nicole (November 2022),Tropical Cyclone,2022-11-10,2022-11-11,"$1,071.00 ",5,1
348,Central and Eastern Winter Storm and Cold Wave (December 2022),Winter Storm,2022-12-21,2022-12-26,"$8,868.10 ",87,1
349,California Flooding (December 2022 - March 2023),Flooding,2022-12-26,2023-03-19,"$4,725.00 ",22,1
350,Northeastern Winter Storm/Cold Wave (February 2023),Winter Storm,2023-02-02,2023-02-05,"$1,821.10 ",1,1
351,Southern and Eastern Severe Weather (March 2023),Severe Storm,2023-03-02,2023-03-03,"$6,111.10 ",13,1
352,Southern and Eastern Severe Weather (April 2023),Severe Storm,2023-03-24,2023-03-26,"$2,927.60 ",23,1
353,Central Tornado Outbreak and Eastern Severe Weather (March 2023),Severe Storm,2023-03-31,2023-04-01,"$5,853.20 ",33,1
354,Southern/Midwestern Drought and Heatwave (Spring-Fall 2023),Drought,2023-04-01,2023-09-30,"$14,786.70 ",247,1
355,Central and Eastern Severe Weather (April 2023),Severe Storm,2023-04-04,2023-04-06,"$2,927.60 ",5,1
356,Fort Lauderdale Flash Flood (April 2023),Flooding,2023-04-12,2023-04-13,"$1,133.00 ",0,1
357,Central and Southern Severe Weather (April 2023),Severe Storm,2023-04-15,2023-04-15,"$1,388.30 ",0,1
358,Central Severe Weather (April 2023),Severe Storm,2023-04-19,2023-04-20,"$3,078.40 ",1,1
359,Southern Severe Weather (April 2023),Severe Storm,2023-04-25,2023-04-27,"$1,372.80 ",0,1
360,Central Severe Weather (May 2023),Severe Storm,2023-05-06,2023-05-08,"$2,222.50 ",1,1
361,Central and Eastern Tornadoes and Hail Storms (May 2023),Severe Storm,2023-05-10,2023-05-12,"$3,563.00 ",1,1
362,Texas Hail Storms (May 2023),Severe Storm,2023-05-18,2023-05-19,"$1,690.00 ",0,1
363,Typhoon Mawar (May 2023),Tropical Cyclone,2023-05-24,2023-05-25,"$4,377.50 ",2,1
364,Southern Severe Weather (June 2023),Severe Storm,2023-06-11,2023-06-14,"$4,153.10 ",0,1
365,Central and Southern Severe Weather (June 2023),Severe Storm,2023-06-15,2023-06-18,"$3,881.10 ",5,1
366,Rockies Hail Storms and Central and Eastern Severe Weather (June 2023),Severe Storm,2023-06-21,2023-06-26,"$5,401.40 ",8,1
367,Central Severe Weather (June 2023),Severe Storm,2023-06-28,2023-07-02,"$1,976.80 ",3,1
368,Northeastern Flooding and North Central Severe Weather (July 2023),Flooding,2023-07-09,2023-07-15,"$2,230.40 ",10,1
369,North Central and Southeastern Severe Weather (July 2023),Severe Storm,2023-07-19,2023-07-21,"$1,887.00 ",1,1
370,North Central and Eastern Severe Weather (July 2023),Severe Storm,2023-07-28,2023-07-29,"$1,526.60 ",2,1
371,Northeastern and Eastern Severe Weather (August 2023),Severe Storm,2023-08-05,2023-08-08,"$1,680.20 ",4,1
372,Hawaii Firestorm (August 2023),Wildfire,2023-08-08,2023-08-08,"$5,665.00 ",100,1
373,Minnesota Hail Storms (August 2023),Severe Storm,2023-08-11,2023-08-11,"$1,828.30 ",0,1
374,Hurricane Idalia (August 2023),Tropical Cyclone,2023-08-29,2023-08-31,"$3,559.70 ",5,1
375,Southern Hail Storms (September 2023),Severe Storm,2023-09-23,2023-09-24,"$1,694.50 ",0,1
376,East Coast Storm and Flooding (December 2023),Flooding,2023-12-16,2023-12-18,"$1,301.60 ",5,1
377,Southern Tornado Outbreak and East Coast Storm (January 2024),Severe Storm,2024-01-08,2024-01-10,"$2,780.20 ",3,1
378,Northwest Winter Storm (January 2024),Winter Storm,2024-01-12,2024-01-14,"$1,723.80 ",20,1
379,"Central, Southern, Northeastern Winter Storm and Cold Wave (January 2024)",Winter Storm,2024-01-14,2024-01-18,"$2,096.20 ",41,1
380,Southern Severe Weather (February 2024),Severe Storm,2024-02-10,2024-02-12,"$1,075.00 ",0,1
381,Central and Eastern Severe Weather (February 2024),Severe Storm,2024-02-27,2024-02-28,"$1,296.90 ",0,1
382,Central and Southern Severe Weather (March 2024),Severe Storm,2024-03-12,2024-03-14,"$5,949.00 ",3,1
383,Central Tornado Outbreak and Eastern Severe Weather (April 2024),Severe Storm,2024-04-01,2024-04-03,"$2,500.10 ",3,1
384,Southern and Eastern Severe Weather (April 2024),Severe Storm,2024-04-08,2024-04-11,"$2,155.60 ",0,1
385,Central and Southern Tornado Outbreak (April 2024),Severe Storm,2024-04-26,2024-04-28,"$1,173.00 ",3,1
386,"Central, Southern, Southeastern Tornado Outbreak (May 2024)",Severe Storm,2024-05-06,2024-05-09,"$4,727.00 ",3,1
387,Southern Derecho (May 2024),Severe Storm,2024-05-16,2024-05-17,"$1,212.00 ",8,1
388,"Central, Southern, Eastern Severe Weather (May 2024)",Severe Storm,2024-05-18,2024-05-22,"$4,782.00 ",5,1
389,Central Tornado Outbreak (May 2024),Severe Storm,2024-05-25,2024-05-26,"$2,496.00 ",16,1
390,Texas Hail Storms (May 2024),Severe Storm,2024-05-27,2024-05-28,"$2,025.00 ",1,1
391,Colorado Hail Storms and Southern Severe Weather (May 2024),Severe Storm,2024-05-31,2024-06-01,"$1,886.00 ",0,1